ts,lat,lng,raw_speed,smooth_speed
1773218922000,64.1480596333333,-21.7858563333333,0.00,16.39
1773218928000,64.1475964,-21.7853286666667,34.51,17.92
1773218934000,64.1472652,-21.7853306666667,22.10,29.62
1773218939000,64.1469436666667,-21.7860886666667,36.92,53.82
1773218941000,64.1465656333333,-21.7870181666667,110.93,55.61
1773218949000,64.1460789666667,-21.7876288333333,27.76,48.60
1773218954000,64.1459252666667,-21.7878636666667,14.79,13.67
1773218969000,64.1459093666667,-21.7879011666667,0.61,12.06
1773218973000,64.1457535833333,-21.7882785,22.68,13.94
1773218978000,64.1455756666667,-21.78871,20.73,25.74
1773218982000,64.1453106166667,-21.7893296666667,37.88,24.85
1773218990000,64.1451158666667,-21.790122,19.85,27.62
1773218994000,64.1449062666667,-21.7905971666667,29.50,27.42
1773218999000,64.1445730833333,-21.7913413333333,37.24,25.98
1773219003000,64.1444697333333,-21.7916,15.31,17.07
1773219013000,64.1444440166667,-21.7916518333333,1.37,8.44
1773219020000,64.1443134666667,-21.791916,9.96,22.95
1773219022000,64.1440158,-21.7920736666667,61.15,28.37
1773219028000,64.1437479,-21.7922353333333,18.48,37.37
1773219032000,64.1433669166667,-21.7923381666667,38.39,26.20
1773219038000,64.1429803166667,-21.7922753333333,25.86,25.45
1773219044000,64.1427402666667,-21.7923385,16.12,23.44
1773219049000,64.1423426333333,-21.7924416666667,32.04,19.11
1773219054000,64.1421921333333,-21.7924913333333,12.17,14.32
1773219076000,64.1421374,-21.792513,1.01,14.82
1773219079000,64.1418984,-21.792695,33.60,22.08
1773219084000,64.1414976166667,-21.7931035,35.11,41.41
1773219087000,64.1410352166667,-21.7932146666667,62.04,37.76
1773219091000,64.1408384166667,-21.7934433333333,22.08,31.96
1773219097000,64.140798,-21.794014,16.82,12.44
1773219104000,64.1408048,-21.7940111666667,0.40,6.00
1773219110000,64.14080865,-21.7940698333333,1.73,8.29
1773219114000,64.1408416,-21.794616,24.07,19.97
1773219119000,64.1408878166667,-21.795678,37.27,26.35
1773219125000,64.14079295,-21.7963981666667,21.89,24.71
1773219131000,64.14054845,-21.7967253333333,18.89,20.85
1773219135000,64.1404546333333,-21.796193,25.06,21.54
1773219143000,64.1404115833333,-21.7950941666667,24.08,31.33
1773219148000,64.1402789166667,-21.7937006666667,49.81,45.71
1773219152000,64.1401263666667,-21.7921245,70.47,61.41
1773219157000,64.1399228333333,-21.7900673333333,73.66,53.01
1773219163000,64.13974865,-21.7893746666667,23.27,43.51
1773219168000,64.1392434333333,-21.789347,40.46,24.86
1773219172000,64.1390982666667,-21.7894076666667,14.77,17.68
1773219177000,64.1391054166667,-21.7894133333333,0.61,5.57
1773219182000,64.1390777333333,-21.789421,2.23,6.72
1773219188000,64.1388071833333,-21.789541,18.38,21.83
1773219193000,64.1382485333333,-21.7900643333333,48.32,27.69
1773219202000,64.1378769833333,-21.7907105,20.74,47.81
1773219204000,64.13756935,-21.7913293333333,81.92,42.64
1773219213000,64.1369879833333,-21.7922998333333,31.99,49.47
1773219217000,64.1366065166667,-21.7927178333333,42.31,45.07
1773219219000,64.1362803833333,-21.7929375,68.04,42.87
1773219228000,64.1357287666667,-21.7931916666667,25.03,32.19
1773219232000,64.1356437333333,-21.7932185,8.59,11.16
1773219234000,64.1356475166667,-21.7932021666667,1.61,4.66
1773219237000,64.1356141833333,-21.7932146666667,4.51,7.14
1773219243000,64.13537165,-21.7933136666667,16.44,10.75
1773219252000,64.1350881666667,-21.7934753333333,12.99,30.22
1773219254000,64.1347973333333,-21.7938318333333,66.01,34.20
1773219261000,64.1344865166667,-21.7947505,29.00,53.57
1773219264000,64.1343948666667,-21.7960068333333,74.15,43.83
1773219270000,64.1345750333333,-21.797146,35.27,42.96
1773219275000,64.1347393333333,-21.7977966666667,26.26,23.47
1773219281000,64.1348412,-21.7981613333333,12.60,12.68
1773219285000,64.1348421,-21.7981346666667,1.17,4.99
1773219294000,64.1348561833333,-21.7982323333333,2.00,10.80
1773219298000,64.1349854166667,-21.798876,30.93,20.56
1773219303000,64.1351718833333,-21.7996866666667,32.01,24.01
1773219310000,64.1352708833333,-21.8001498333333,12.87,23.50
1773219316000,64.1354753666667,-21.8010426666667,29.35,31.30
1773219319000,64.1356689166667,-21.8019083333333,56.62,31.74
1773219326000,64.1357750333333,-21.8024255,14.26,35.97
1773219330000,64.13593475,-21.803333,42.72,36.93
1773219335000,64.1361858333333,-21.8049403333333,59.63,45.61
1773219341000,64.1363904166667,-21.806294,41.69,43.91
1773219343000,64.1364538,-21.8066963333333,37.35,30.09
1773219347000,64.1365177333333,-21.807032,15.99,17.19
1773219354000,64.13652275,-21.8070681666667,0.95,11.63
1773219359000,64.1366440166667,-21.8075616666667,19.78,10.63
1773219370000,64.1368457833333,-21.8082248333333,12.84,21.65
1773219372000,64.1369584833333,-21.8085423333333,35.74,26.54
1773219375000,64.1371043,-21.8090468333333,35.23,29.49
1773219381000,64.1369073333333,-21.8096593333333,22.15,29.91
1773219387000,64.1364894666667,-21.8104996666667,37.09,51.03
1773219390000,64.1358875166667,-21.811577,101.90,60.01
1773219398000,64.1350191333333,-21.812757,50.51,76.40
1773219402000,64.1341999333333,-21.8135408333333,88.84,59.97
1773219409000,64.1333562,-21.8140713333333,50.03,69.04
1773219413000,64.1325766166667,-21.8143751666667,79.14,45.59
1773219418000,64.1323922333333,-21.8144085,14.81,29.99
1773219422000,64.1323961666667,-21.8143933333333,0.77,5.36
1773219431000,64.1323661166667,-21.814386,1.34,5.16
1773219438000,64.1321188666667,-21.8143371666667,14.19,39.42
1773219440000,64.1315761833333,-21.8142381666667,108.96,52.91
1773219451000,64.1304440666667,-21.8132795,43.92,69.65
1773219455000,64.1298305166667,-21.812661,67.08,48.41
1773219460000,64.1293239166667,-21.812364,41.86,38.72
1773219469000,64.1290260166667,-21.812289,13.33,21.06
1773219474000,64.1288848333333,-21.8122893333333,11.30,8.27
1773219483000,64.1288512166667,-21.8122941666667,1.50,4.52
1773219495000,64.1288074,-21.8122908333333,1.46,6.69
1773219501000,64.1285351,-21.8122711666667,18.18,15.58
1773219507000,64.12809215,-21.8122366666667,29.57,37.11
1773219510000,64.1275720166667,-21.8122016666667,69.43,43.35
1773219515000,64.1270988166667,-21.8121686666667,37.90,47.14
1773219520000,64.1265803666667,-21.8121285,41.53,25.33
1773227491000,64.1236116833333,-21.7876166666667,0.56,13.33
1773229363000,64.12361645,-21.7876173333333,0.00,0.18
1773229609000,64.123621,-21.7876213333333,0.01,0.00
1773230092000,64.1236256,-21.7876206666667,0.00,0.00
1773232642000,64.12363125,-21.7876183333333,0.00,0.01
1773232885000,64.1236500833333,-21.7875818333333,0.04,0.02
1773233003000,64.12365465,-21.7875791666667,0.02,0.02
1773233734000,64.1236525166667,-21.7875895,0.00,0.01
1773234951000,64.1236503,-21.7876006666667,0.00,0.00
1773236532000,64.12364615,-21.7875961666667,0.00,0.00
1773237623000,64.1236509666667,-21.787607,0.00,0.00
1773238107000,64.1236522166667,-21.7876188333333,0.00,0.00
1773238473000,64.12365985,-21.7876253333333,0.01,0.01
1773238716000,64.1236539,-21.7876303333333,0.01,0.01
1773238958000,64.1236488833333,-21.7876358333333,0.01,0.01
1773239196000,64.1236441166667,-21.7876396666667,0.01,0.01
1773239440000,64.1236398166667,-21.7876428333333,0.01,9.36
1773239754000,64.1459799833333,-21.7735498333333,29.54,16.53
1773239757000,64.1461453833333,-21.7734616666667,22.66,21.82
1773239760000,64.1462705666667,-21.7734593333333,16.70,20.01
1773239763000,64.1464398666667,-21.7733285,23.84,26.68
1773239765000,64.1466458833333,-21.773162,43.72,37.35
1773239767000,64.1468836833333,-21.7729728333333,50.38,66.40
1773239769000,64.1474343666667,-21.7725743333333,115.58,65.70
1773239772000,64.1477346333333,-21.7723876666667,41.51,69.88
1773239776000,64.1483537,-21.7720606666667,63.58,56.63
1773239783000,64.1496359833333,-21.7717435,73.75,62.00
1773239787000,64.1502199333333,-21.7717148333333,58.45,52.62
1773239790000,64.1504743833333,-21.771713,33.95,42.44
1773239794000,64.1508903,-21.7717036666667,41.63,31.84
1773239800000,64.1511976,-21.7712136666667,24.97,27.63
1773239802000,64.15130085,-21.7712123333333,20.67,21.23
1773239806000,64.1513573166667,-21.7716858333333,21.42,21.18
1773239808000,64.1513219333333,-21.7719581666667,24.80,18.46
1773239811000,64.15130465,-21.772162,12.08,16.69
1773239813000,64.15129495,-21.7723418333333,15.81,17.09
1773239817000,64.1512953166667,-21.7729393333333,26.07,33.79
1773239820000,64.1513051833333,-21.7740531666667,64.81,40.24
1773239822000,64.15131255,-21.7744675,36.19,36.02
1773239826000,64.151308,-21.7747598333333,12.76,17.61
1773239829000,64.1512922833333,-21.7748683333333,6.65,7.69
1773239841000,64.1512513833333,-21.7751891666667,4.86,16.18
1773239843000,64.15117395,-21.7756066666667,39.59,23.36
1773239848000,64.1509453,-21.7762623333333,29.31,48.02
1773239850000,64.1506993666667,-21.7770245,82.75,46.08
1773239855000,64.15048615,-21.7778486666667,33.45,46.52
1773239858000,64.1503794,-21.7783161666667,30.70,38.40
1773239861000,64.15025895,-21.7792578333333,57.09,40.81
1773239863000,64.1502888833333,-21.7797233333333,41.06,42.47
1773239867000,64.15048105,-21.78042,35.97,34.86
1773239870000,64.1506827166667,-21.7807498333333,33.05,28.78
1773239873000,64.15081295,-21.7809781666667,21.87,30.71
1773239881000,64.15130255,-21.782545,42.06,35.70
1773239883000,64.1513598333333,-21.7830885,48.79,42.64
1773239887000,64.1513434,-21.784092,43.82,36.51
1773239894000,64.15104815,-21.7846998333333,22.69,30.37
1773239898000,64.1507546,-21.784718,29.39,21.15
1773239903000,64.1505732833333,-21.7847881666667,14.72,18.32
1773239907000,64.1504371333333,-21.784832,13.76,13.76
1773239912000,64.15025475,-21.7849248333333,14.96,9.12
1773239933000,64.1502499,-21.7849258333333,0.09,9.99
1773239936000,64.15012895,-21.7849853333333,16.51,12.66
1773239938000,64.15001645,-21.785058,23.39,20.06
1773239940000,64.14990765,-21.7851573333333,23.44,20.24
1773239947000,64.1498633666667,-21.7858345,17.07,22.89
1773239949000,64.1498975,-21.7861901666667,31.78,25.93
1773239951000,64.1499405333333,-21.7865555,33.03,30.52
1773239953000,64.1499859,-21.786902,31.57,30.37
1773239958000,64.1501386833333,-21.7877276666667,31.31,22.20
1773239962000,64.1501369333333,-21.7878931666667,7.22,16.49
1773239966000,64.1500057166667,-21.7879701666667,13.55,11.07
1773239968000,64.1499350333333,-21.787982,14.18,14.64
1773239970000,64.1498446833333,-21.7880263333333,18.49,10.47
1773239996000,64.1498202166667,-21.7880261666667,0.38,10.61
1773239998000,64.1497487833333,-21.788062,14.64,11.26
1773240002000,64.1495841166667,-21.7883426666667,20.53,17.81
1773240007000,64.1493632333333,-21.7880143333333,21.07,23.17
1773240011000,64.14919035,-21.7874096666667,31.55,29.84
1773240013000,64.1490308833333,-21.787104,41.60,30.56
1773240017000,64.1488409333333,-21.7867928333333,23.36,54.03
1773240020000,64.1481358333333,-21.785966,105.67,50.75
1773240026000,64.1477141166667,-21.7855001666667,31.23,52.84
1773240031000,64.1473625833333,-21.7852053333333,29.97,30.45
1773240035000,64.1471061166667,-21.7857498333333,34.98,32.75
1773240037000,64.1469744666667,-21.7860711666667,38.48,36.38
1773240041000,64.14668885,-21.7867586666667,41.44,37.87
1773240043000,64.1465548333333,-21.7870936666667,39.68,31.70
1773240048000,64.1463762833333,-21.7874523333333,19.00,30.63
1773240053000,64.14593525,-21.7878586666667,38.05,21.65
1773240057000,64.1458567,-21.7880451666667,11.32,24.36
1773240059000,64.1457577833333,-21.7882648333333,27.56,18.44
1773240064000,64.1455920833333,-21.7886686666667,19.36,28.10
1773240066000,64.1454469666667,-21.7890135,41.83,29.48
1773240068000,64.1453372666667,-21.7892788333333,31.91,30.12
1773240071000,64.14524465,-21.7895783333333,21.36,31.99
1773240073000,64.1451345666667,-21.7900636666667,47.75,29.88
1773240079000,64.1448720833333,-21.7906886666667,25.25,26.89
1773240083000,64.1447858333333,-21.7908766666667,11.91,22.67
1773240088000,64.14448275,-21.7915758333333,34.42,15.44
1773240092000,64.1444659166667,-21.791616,2.43,12.13
1773240104000,64.1444336666667,-21.7916838333333,1.46,4.56
1773240106000,64.1443965833333,-21.791769,10.50,7.57
1773240108000,64.1443546666667,-21.7918661666667,11.93,11.96
1773240113000,64.1441814666667,-21.7920546666667,15.35,12.05
1773240117000,64.1440753666667,-21.7920948333333,10.76,20.70
1773240119000,64.1438798,-21.7921276666667,39.25,24.44
1773240121000,64.1437510333333,-21.7922266666667,27.18,30.21
1773240129000,64.1431731,-21.792296,28.96,26.59
1773240133000,64.1428962666667,-21.7923545,27.82,24.29
1773240137000,64.14269745,-21.7923803333333,19.93,19.75
1773240141000,64.142552,-21.7924138333333,14.63,30.46
1773240143000,64.1422457333333,-21.7924853333333,61.62,32.86
1773240149000,64.1418503666667,-21.7927543333333,27.51,34.25
1773240152000,64.14173915,-21.7929588333333,19.02,28.98
1773240156000,64.1412992333333,-21.793171,44.99,26.57
1773240163000,64.1409549,-21.793286,19.90,33.02
1773240165000,64.1408023166667,-21.7935711666667,39.40,35.50
1773240167000,64.1407901,-21.7941753333333,52.80,37.21
1773240169000,64.1408127666667,-21.7944603333333,25.29,32.19
1773240171000,64.1408279,-21.7947281666667,23.58,21.98
1773240174000,64.1408427,-21.7950796666667,20.55,25.07
1773240178000,64.14088325,-21.7958768333333,35.03,24.32
1773240184000,64.1407259166667,-21.7965106666667,21.22,24.87
1773240186000,64.1406386666667,-21.7966695,22.30,19.40
1773240190000,64.14046165,-21.7966435,17.75,17.97
1773240195000,64.1404465833333,-21.7961665,16.70,25.67
1773240198000,64.1404264666667,-21.7953671666667,46.60,34.85
1773240202000,64.1403286666667,-21.7943195,46.77,45.98
1773240204000,64.1402814,-21.7937356666667,51.84,48.75
1773240208000,64.1401716,-21.7924933333333,55.33,48.69
1773240215000,64.1399907666667,-21.7906721666667,46.59,45.37
1773240217000,64.13994845,-21.7902083333333,41.37,40.10
1773240219000,64.1399010666667,-21.789779,38.66,30.80
1773240224000,64.13976135,-21.7894033333333,17.24,25.91
1773240226000,64.1396400333333,-21.7893,25.90,17.89
1773240230000,64.1395067666667,-21.7892835,13.36,28.21
1773240233000,64.1391389666667,-21.7894318333333,49.83,22.79
1773240235000,64.1390958166667,-21.7894506666667,8.79,18.96
1773240248000,64.1390548333333,-21.7894583333333,1.27,12.74
1773240253000,64.1386871,-21.7896476666667,30.17,20.69
1773240257000,64.13837305,-21.789939,33.90,40.18
1773240259000,64.1381064166667,-21.7903183333333,62.81,41.05
1773240263000,64.1378492666667,-21.7907883333333,32.91,42.07
1773240267000,64.1375675,-21.7913421666667,37.14,31.35
1773240270000,64.1374039166667,-21.7916688333333,28.95,29.33
1773240275000,64.1371375333333,-21.79212,26.52,36.24
1773240279000,64.1366131833333,-21.7927363333333,58.97,30.68
1773240283000,64.13650395,-21.7928108333333,11.41,31.53
1773240285000,64.1363632666667,-21.7928988333333,29.19,25.08
1773240289000,64.1359855833333,-21.7930793333333,38.61,45.16
1773240291000,64.13561825,-21.793237,74.80,42.59
1773240294000,64.13546245,-21.793299,21.10,37.43
1773240298000,64.13524515,-21.7934133333333,22.31,19.82
1773240300000,64.1351528166667,-21.7934725,19.19,19.15
1773240304000,64.1349709,-21.7935938333333,18.96,23.15
1773240308000,64.1346871833333,-21.7940613333333,34.97,30.94
1773240312000,64.1344489166667,-21.7949018333333,43.76,36.25
1773240317000,64.1343721166667,-21.7959098333333,35.74,45.29
1773240319000,64.1344280833333,-21.796626,63.53,37.85
1773240323000,64.1345090333333,-21.797051,20.25,41.15
1773240327000,64.1347480333333,-21.7979551666667,46.16,24.40
1773240331000,64.13480265,-21.7981646666667,10.66,18.88
1773240336000,64.1348232666667,-21.7982301666667,2.82,4.52
1773240350000,64.1348346833333,-21.7982886666667,0.80,12.94
1773240354000,64.13499075,-21.7990628333333,37.23,17.59
1773240359000,64.13510005,-21.799497,17.51,23.34
1773240362000,64.1351735,-21.7997756666667,18.95,18.95
1773240367000,64.13530265,-21.8003761666667,23.38,33.47
1773240369000,64.1354511,-21.8010171666667,63.37,41.98
1773240371000,64.1355592,-21.8014796666667,45.81,41.84
1773240378000,64.1357396333333,-21.8023005,22.93,22.85
1773240382000,64.1357541666667,-21.802371,3.40,8.56
1773240391000,64.1357610166667,-21.8024025,0.68,6.39
1773240393000,64.1357945,-21.8025701666667,16.10,11.05
1773240396000,64.135845,-21.802859,18.11,21.95
1773240398000,64.13590515,-21.8032365,35.09,36.62
1773240400000,64.1360089833333,-21.8039106666667,62.42,42.57
1773240406000,64.1361975166667,-21.8051036666667,36.93,49.42
1773240409000,64.13633635,-21.8060245,56.71,37.17
1773240416000,64.1364814,-21.8069156666667,23.73,31.32
1773240418000,64.1365167666667,-21.807111,18.47,15.43
1773240434000,64.1366481666667,-21.8076266666667,6.52,15.42
1773240437000,64.1367502666667,-21.8079598333333,23.70,27.85
1773240439000,64.13692125,-21.8084925,57.74,29.23
1773240443000,64.1369882333333,-21.808688,10.85,21.83
1773240449000,64.1369897166667,-21.8086996666667,0.35,3.66
1773240489000,64.1370124333333,-21.8087601666667,0.35,4.51
1773240495000,64.1370987333333,-21.8091808333333,13.53,8.18
1773240498000,64.13704845,-21.809351,11.96,25.03
1773240502000,64.1366541,-21.81018,53.55,36.54
1773240504000,64.1364668833333,-21.8105573333333,49.90,43.88
1773240507000,64.1362648166667,-21.810944,35.12,40.26
1773240511000,64.1359289166667,-21.8115256666667,42.13,43.53
1773240513000,64.1356799666667,-21.8119128333333,60.21,59.02
1773240516000,64.1351355,-21.812638,84.02,63.10
1773240522000,64.1343817833333,-21.8134063333333,55.03,78.85
1773240525000,64.1335943166667,-21.8139628333333,109.96,66.11
1773240528000,64.1332739666667,-21.8141241666667,43.77,62.46
1773240531000,64.1329525833333,-21.8142528333333,43.53,47.35
1773240536000,64.1321775166667,-21.8143856666667,62.23,46.65
1773240539000,64.1318661833333,-21.8143756666667,41.55,55.68
1773240545000,64.1308225833333,-21.8137366666667,72.07,60.69
1773240548000,64.1302942666667,-21.8131621666667,78.03,62.70
1773240552000,64.1298571,-21.8127148333333,47.91,54.75
1773240555000,64.1295209333333,-21.8124771666667,46.94,34.36
1773240558000,64.1294208333333,-21.8124295,13.64,21.57
1773240561000,64.1293651833333,-21.8124091666667,7.52,7.70
1773240565000,64.1293337666667,-21.812402,3.16,3.73
1773240582000,64.1292875166667,-21.8123866666667,1.10,3.98
1773240586000,64.1292052166667,-21.8123645,8.29,11.01
1773240591000,64.12888885,-21.812322,25.37,17.82
1773240593000,64.12877605,-21.8123095,22.60,22.42
1773240595000,64.1286622666667,-21.812294,22.81,23.89
1773240600000,64.12828765,-21.8122611666667,30.01,22.60
1773240606000,64.1280097333333,-21.8122428333333,18.55,27.53
1773240609000,64.1277223833333,-21.812223,38.36,28.29
1773240611000,64.12756035,-21.8122131666667,32.44,32.12
1773240617000,64.1271016333333,-21.8121796666667,30.62,23.77
1773240621000,64.1269816166667,-21.8121748333333,12.01,13.79
1773240623000,64.1269855666667,-21.8121798333333,0.90,4.25
1773240637000,64.1269677166667,-21.8121718333333,0.52,4.83
1773240639000,64.1268988666667,-21.8121608333333,13.81,9.91
1773240645000,64.1266449833333,-21.8121336666667,16.96,20.87
1773240647000,64.1264695166667,-21.8121221666667,35.13,36.48
1773240649000,64.12615435,-21.8121423333333,63.11,51.34
1773240652000,64.1256756333333,-21.8121236666667,63.89,55.50
1773240657000,64.1250725333333,-21.8121233333333,48.28,44.47
1773240664000,64.1245816166667,-21.8122486666667,28.25,28.06
1773240667000,64.1245272833333,-21.8124146666667,12.08,12.97
1773240673000,64.1245255833333,-21.8124353333333,0.61,5.84
1773240694000,64.1244471333333,-21.8131035,5.76,14.53
1773240703000,64.1242923666667,-21.8151088333333,39.53,39.62
1773240706000,64.1242095166667,-21.8164666666667,79.84,57.85
1773240710000,64.124173,-21.8179141666667,63.33,65.50
1773240712000,64.1241637666667,-21.8186426666667,63.66,51.87
1773240717000,64.1241527666667,-21.819696,36.81,56.65
1773240719000,64.12414555,-21.8205935,78.41,55.45
1773240722000,64.1241804166667,-21.8216186666667,59.88,51.32
1773240724000,64.1241740666667,-21.8218905,23.78,28.93
1773240728000,64.1241689833333,-21.8220666666667,7.71,10.12
1773240734000,64.1241728166667,-21.8220528333333,0.48,4.09
1773240743000,64.12416995,-21.8222968333333,4.74,7.69
1773240745000,64.1241612166667,-21.8225143333333,19.08,12.14
1773240748000,64.1241435166667,-21.8227601666667,14.51,18.60
1773240750000,64.12412475,-21.823045,25.16,22.90
1773240754000,64.1240989333333,-21.8237903333333,32.65,26.88
1773240759000,64.1240658666667,-21.8245616666667,27.08,53.53
1773240764000,64.1239855333333,-21.827685,109.32,58.32
1773240770000,64.1239621333333,-21.8293251666667,47.78,96.28
1773240772000,64.1239470833333,-21.8310071666667,146.96,77.49
1773240775000,64.1239411666667,-21.831865,49.96,86.64
1773240777000,64.1239401833333,-21.832743,76.69,65.35
1773240784000,64.1239847833333,-21.8359355,79.72,71.66
1773240790000,64.1240751833333,-21.8383268333333,69.89,83.44
1773240793000,64.1241894166667,-21.8402648333333,113.88,75.72
1773240796000,64.1242573166667,-21.8412025,55.35,83.04
1773240801000,64.1245065833333,-21.8438025,93.01,68.65
1773240805000,64.1246747333333,-21.8453215,68.44,77.26
1773240808000,64.12484535,-21.8466835,82.52,60.25
1773240811000,64.1249339166667,-21.8473273333333,39.31,51.09
1773240814000,64.1250250166667,-21.8479731666667,39.52,49.56
1773240820000,64.1254098166667,-21.850491,77.67,49.22
1773240823000,64.1255105,-21.851106,38.25,55.37
1773240825000,64.1256171333333,-21.8517348333333,58.93,50.08
1773240829000,64.1258380333333,-21.853036,60.97,57.76
1773240831000,64.1259535166667,-21.853701,62.51,52.48
1773240834000,64.1260784666667,-21.8543675,42.24,57.68
1773240840000,64.1265309,-21.8568151666667,77.39,43.63
1773240849000,64.1266932666667,-21.8576725,18.14,30.58
1773240851000,64.12669225,-21.8576608333333,1.04,6.19
1773240875000,64.1266922166667,-21.8577111666667,0.37,7.84
1773240881000,64.1267914333333,-21.85848,23.34,12.42
1773240886000,64.12685895,-21.858896,15.51,40.14
1773240892000,64.1273370166667,-21.8617095,87.90,46.23
1773240898000,64.1275710333333,-21.8630696666667,42.57,62.27
1773240900000,64.1276917666667,-21.8637751666667,66.19,75.87
1773240902000,64.1279292666667,-21.865171,130.85,76.26
1773240905000,64.1280503333333,-21.8658696666667,43.77,69.23
1773240908000,64.12817055,-21.8665733333333,44.00,50.06
1773240915000,64.1286178666667,-21.8691983333333,70.32,52.69
1773240917000,64.1287129333333,-21.8697531666667,52.06,48.08
1773240920000,64.12879295,-21.8702243333333,29.44,33.61
1773240926000,64.12892345,-21.8710166666667,24.65,17.50
1773240928000,64.1289269166667,-21.8710276666667,1.19,8.40
1773240938000,64.1289346333333,-21.8710631666667,0.69,6.65
1773240941000,64.1289827666667,-21.8713723333333,19.11,16.10
1773240943000,64.1290368833333,-21.8717055,31.05,32.82
1773240949000,64.1293328833333,-21.8734126666667,53.48,39.70
1773240958000,64.1296596166667,-21.8753801666667,40.86,35.02
1773240963000,64.1297337,-21.875813,16.24,30.84
1773240967000,64.1298752833333,-21.8766765,40.28,29.87
1773240969000,64.1299434833333,-21.8770803333333,37.82,36.32
1773240975000,64.1301422333333,-21.878252,36.59,33.79
1773240978000,64.1302307666667,-21.878768,32.28,40.49
1773240984000,64.1305515333333,-21.8806563333333,58.99,56.12
1773240987000,64.1307843,-21.8820331666667,85.97,57.51
1773240990000,64.1308804666667,-21.8826226666667,36.64,56.36
1773240993000,64.1310209333333,-21.8835175,55.37,37.94
1773240995000,64.1310666333333,-21.883818,27.79,48.88
1773240999000,64.1312986333333,-21.8853598333333,71.21,43.91
1773241002000,64.1313960833333,-21.8860031666667,39.65,73.36
1773241004000,64.13159355,-21.8873105,120.81,56.93
1773241010000,64.1316882333333,-21.8879381666667,19.33,68.74
1773241013000,64.1318811166667,-21.8891833333333,76.92,41.44
1773241015000,64.1319357166667,-21.8895595,34.62,37.91
1773241017000,64.1319507166667,-21.8896465,8.17,13.74
1773241022000,64.1319504166667,-21.8896291666667,0.61,3.00
1773241033000,64.13195485,-21.889673,0.71,7.88
1773241037000,64.1320288333333,-21.890185,23.55,15.73
1773241043000,64.1321592,-21.8910048333333,25.40,35.98
1773241045000,64.1322733666667,-21.8916978333333,64.69,46.51
1773241051000,64.1325512833333,-21.8935418333333,56.79,51.92
1773241053000,64.1326197333333,-21.8940025,42.50,44.82
1773241058000,64.1327744833333,-21.8951591666667,42.26,40.06
1773241060000,64.1328422,-21.8956113333333,41.75,35.66
1773241064000,64.1329446333333,-21.8962228333333,28.60,31.35
1773241071000,64.13310985,-21.8973076666667,28.67,22.10
1773241073000,64.1331279833333,-21.897445,12.53,14.07
1773241077000,64.1331382,-21.897515,3.22,5.61
1773241100000,64.1331722666667,-21.8977603333333,1.95,15.14
1773241103000,64.1332744166667,-21.8984545,42.65,23.06
1773241106000,64.1333424166667,-21.8989135,28.22,37.97
1773241109000,64.1334641833333,-21.8997083333333,49.04,48.19
1773241112000,64.1336451333333,-21.9009265,74.91,54.34
1773241118000,64.1338725166667,-21.9024781666667,47.64,54.67
1773241120000,64.1339548666667,-21.9030196666667,50.07,46.77
1773241123000,64.1340781,-21.9038306666667,49.99,35.14
1773241127000,64.1341147666667,-21.9040655,10.89,19.45
1773241152000,64.1341257666667,-21.9041391666667,0.54,11.21
1773241156000,64.1342031666667,-21.9046586666667,23.97,18.74
1773241158000,64.1342589833333,-21.9050346666667,34.68,26.69
1773241164000,64.1343820166667,-21.905869,25.63,39.00
1773241166000,64.1344865833333,-21.9065476666667,62.85,46.63
1773241169000,64.1346281833333,-21.9075038333333,58.78,52.72
1773241171000,64.13469865,-21.9079916666667,44.87,45.49
1773241175000,64.1348097,-21.9088716666667,39.99,36.68
1773241178000,64.1348815,-21.9093773333333,30.96,23.08
1773241189000,64.1349018166667,-21.9094906666667,1.95,10.57
1773241221000,64.1349131833333,-21.909577,0.49,8.60
1773241226000,64.13501195,-21.9102478333333,24.73,12.40
1773241230000,64.13506985,-21.9105383333333,13.94,22.58
1773241234000,64.1352025,-21.9112208333333,32.62,30.87
1773241237000,64.1353512833333,-21.9120266666667,50.94,39.75
1773241243000,64.1355589166667,-21.9133876666667,41.96,43.78
1773241249000,64.1357892166667,-21.9148538333333,45.35,35.08
1773241252000,64.1358634833333,-21.9152193333333,23.47,27.68
1773241256000,64.1359330666667,-21.9156141666667,18.59,13.57
1773241261000,64.1359245166667,-21.9156026666667,0.79,8.00
1773241270000,64.13593725,-21.9159038333333,5.87,9.21
1773241275000,64.1360062666667,-21.9165258333333,22.42,15.24
1773241279000,64.1360560166667,-21.916966,19.85,33.71
1773241285000,64.1362790166667,-21.9191113333333,64.19,42.35
1773241287000,64.1363195666667,-21.9196728333333,49.69,48.81
1773241292000,64.1363676166667,-21.9208205,40.27,43.90
1773241297000,64.1366516666667,-21.9220521666667,48.66,32.07
1773241302000,64.1367448166667,-21.922334,12.35,22.59
1773241307000,64.1367908666667,-21.9226103333333,10.33,7.23
1773241354000,64.136796,-21.9226531666667,0.17,6.04
1773241357000,64.1368184666667,-21.9227915,8.59,7.74
1773241359000,64.1368641333333,-21.9229375,15.69,14.52
1773241363000,64.1370759666667,-21.9228438333333,21.59,21.03
1773241365000,64.1372059833333,-21.9226938333333,29.13,28.97
1773241369000,64.1375747833333,-21.9222973333333,40.77,34.17
1773241374000,64.1380095166667,-21.9218608333333,38.00,39.94
1773241376000,64.1382262666667,-21.9216433333333,47.36,38.14
1773241380000,64.1385426833333,-21.9212976666667,35.08,43.96
1773241385000,64.1391811666667,-21.9206155,56.40,51.07
1773241387000,64.1394953833333,-21.9202688333333,69.79,54.41
1773241389000,64.1397019666667,-21.9200475,45.64,49.90
1773241395000,64.1402766,-21.919446,42.14,32.12
1773241398000,64.1403701,-21.9193506666667,13.65,44.11
1773241400000,64.14074785,-21.9189451666667,83.48,42.50
1773241404000,64.1410774833333,-21.9185575,37.07,40.15
1773241408000,64.1411321666667,-21.9184896666667,6.22,15.42
1773241411000,64.1411687333333,-21.91845,5.40,3.88
1773241415000,64.14117385,-21.9184418333333,0.62,2.09
1773241432000,64.1411957333333,-21.9184173333333,0.57,3.28
1773241435000,64.14125805,-21.9183518333333,9.15,12.90
1773241440000,64.1416097,-21.9179791666667,31.02,17.61
1773241442000,64.14168055,-21.9179086666667,15.46,28.87
1773241445000,64.1419880833333,-21.9176043333333,44.69,30.50
1773241447000,64.1421524,-21.917432,36.17,37.85
1773241451000,64.1425003333333,-21.917046,38.68,30.49
1773241453000,64.1425953166667,-21.9169325,21.44,31.20
1773241457000,64.14293585,-21.9165268333333,38.40,30.10
1773241459000,64.1430935166667,-21.916348,35.21,23.81
1773241503000,64.1432533666667,-21.9161898333333,1.58,19.16
1773241505000,64.1433604833333,-21.9160736666667,23.72,11.18
1773241509000,64.1434542833333,-21.9159941666667,10.01,12.99
1773241511000,64.1434866666667,-21.9159556666667,7.30,6.15
1773241514000,64.1434941333333,-21.9159878333333,2.12,3.51
1773241526000,64.1435417,-21.9159573333333,1.65,3.46
1773241529000,64.1435909333333,-21.9159081666667,7.17,6.13
1773241531000,64.1436386666667,-21.9158568333333,10.55,7.05
1773241535000,64.1436755833333,-21.9157965,4.54,5.11
1773241539000,64.1436857,-21.9157895,1.06,3.02
1773241541000,64.1437037833333,-21.9157715,3.95,4.07
1773241546000,64.1438012333333,-21.9157456666667,7.85,8.49
1773241548000,64.1438479166667,-21.9158803333333,15.02,8.75
1773241552000,64.1438549,-21.9159881666667,4.76,8.92
1773241556000,64.14387945,-21.9161723333333,8.40,9.50
1773241559000,64.1439226,-21.9164441666667,16.83,13.28
1773241563000,64.1439823,-21.9168016666667,16.71,18.49
1773241567000,64.1440721,-21.9173321666667,24.84,21.38
1773241569000,64.14411835,-21.9176101666667,25.97,24.28
1773241571000,64.1441673166667,-21.9178845,25.87,21.91
1773241574000,64.1442266833333,-21.9181496666667,17.35,22.13
1773241578000,64.1443580666667,-21.9186813333333,26.67,19.23
1773241580000,64.1443971833333,-21.9188505,16.71,16.07
1773241584000,64.1444326833333,-21.918998,7.35,7.94
1773241601000,64.1444548333333,-21.9190815,1.00,11.38
1773241604000,64.1445656833333,-21.9194813333333,27.57,18.82
1773241606000,64.1446259,-21.9198068333333,30.86,26.39
1773241614000,64.1447823,-21.9208896666667,24.89,37.50
1773241616000,64.1449017333333,-21.9215531666667,62.65,34.72
1773241619000,64.1449639333333,-21.9219053333333,22.11,34.89
1773241624000,64.1450924166667,-21.922571,25.42,29.22
1773241628000,64.1452784333333,-21.9235036666667,44.76,31.30
1773241630000,64.14533875,-21.9238015,28.66,31.51
1773241632000,64.1453953666667,-21.9240708333333,26.10,20.14
1773241637000,64.14545285,-21.9242866666667,8.83,19.55
1773241641000,64.1455646833333,-21.9248451666667,26.82,18.47
1773241645000,64.1456622166667,-21.9253145,22.69,25.65
1773241647000,64.1457202166667,-21.9256498333333,31.49,20.38
1773241652000,64.1457677166667,-21.9259208333333,10.20,31.05
1773241654000,64.14588205,-21.9265111666667,56.38,34.77
1773241658000,64.1460477333333,-21.9274256666667,43.22,41.92
1773241660000,64.1461169,-21.9277661666667,32.79,29.20
1773241664000,64.1461912333333,-21.9280961666667,16.21,25.66
1773241666000,64.1462626666667,-21.9284246666667,32.04,25.27
1773241668000,64.14632785,-21.9287536666667,31.54,29.90
1773241670000,64.1463951666667,-21.9290715,30.84,27.03
1773241678000,64.1465985166667,-21.9300158333333,22.98,29.16
1773241682000,64.1467512833333,-21.93082,38.28,25.24
1773241684000,64.1467907166667,-21.9310111666667,18.46,23.56
1773241687000,64.1468476666667,-21.9312853333333,17.67,12.02
1773241691000,64.1468598166667,-21.9313165,1.82,6.23
1773241703000,64.1468619,-21.9313283333333,0.19,4.91
1773241705000,64.1468880333333,-21.931471,13.51,9.04
1773241709000,64.14694805,-21.9317825,14.86,13.46
1773241713000,64.1470053833333,-21.9320788333333,14.15,24.12
1773241717000,64.14720135,-21.9330618333333,47.17,26.16
1773241719000,64.1472523333333,-21.9332758333333,21.28,27.32
1773241723000,64.14732755,-21.9336458333333,17.81,22.86
1773241727000,64.1474763833333,-21.9343233333333,33.11,22.89
1773241729000,64.1475226666667,-21.934544,21.37,21.83
1773241733000,64.14758715,-21.9348405,14.46,12.61
1773241738000,64.1476095833333,-21.934943,4.00,5.88
1773241772000,64.1476134666667,-21.9349621666667,0.11,3.94
1773241774000,64.14763475,-21.9350443333333,8.34,8.62
1773241779000,64.1477431666667,-21.9355215,18.78,11.76
1773241782000,64.1477298,-21.935691,10.02,17.67
1773241786000,64.1475144833333,-21.9360636666667,27.00,15.56
1773241792000,64.1473676,-21.9363078333333,12.10,12.58
1773241806000,64.1473489833333,-21.9363323333333,0.61,6.37
1773241810000,64.14728475,-21.936416,7.39,10.00
1773241815000,64.1470353,-21.9367745,23.57,22.21
1773241820000,64.1466286666667,-21.9373985,39.17,30.12
1773241824000,64.1463617333333,-21.937817,32.36,35.28
1773241827000,64.1461179833333,-21.938214,39.89,26.62
1773241831000,64.1460208166667,-21.938367,11.80,23.57
1773241833000,64.1459259666667,-21.9385101666667,22.73,18.16
1773241835000,64.14583145,-21.9386561666667,22.81,21.98
1773241838000,64.1457085166667,-21.9389541666667,23.87,18.62
1773241842000,64.1457640666667,-21.9392011666667,12.13,14.69
1773241844000,64.1457945833333,-21.9392973333333,10.38,11.77
1773241848000,64.1458551833333,-21.9396028333333,14.65,20.81
1773241851000,64.14598385,-21.9402366666667,40.68,27.69
1773241855000,64.1461369,-21.9408835,32.12,31.93
1773241857000,64.1462018833333,-21.9411681666667,28.04,23.10
1773241863000,64.14629505,-21.9415518333333,12.78,13.21
1773241865000,64.1462994,-21.9415546666667,0.91,4.48
1773241882000,64.1463073333333,-21.941596,0.46,4.18
1773241885000,64.1463405,-21.9417846666667,11.84,15.35
1773241887000,64.1464158666667,-21.9421613333333,36.17,23.92
1773241891000,64.1465389666667,-21.9427258333333,27.54,32.47
1773241893000,64.1466397166667,-21.9431058333333,38.82,26.60
1773241895000,64.1466843166667,-21.9432801666667,17.64,19.91
1773241899000,64.14671255,-21.9434121666667,6.42,11.44
1773241905000,64.1465937333333,-21.9437248333333,12.07,17.58
1773241907000,64.1464308666667,-21.9439261666667,37.03,26.97
1773241910000,64.1461931166667,-21.9442216666667,36.08,32.22
1773241913000,64.1460049333333,-21.9444576666667,28.62,40.22
1773241916000,64.14559115,-21.9449541666667,62.31,42.81
1773241918000,64.1453946166667,-21.9451866666667,44.26,42.51
1773241921000,64.1452105333333,-21.9454051666667,27.66,43.44
1773241925000,64.14462905,-21.9460818333333,65.26,41.30
1773241931000,64.1441255833333,-21.9466548333333,37.50,42.68
1773241935000,64.1438383166667,-21.946978,32.02,32.77
1773241941000,64.143388,-21.9475231666667,33.97,27.02
1773241943000,64.14330175,-21.947623,19.34,22.84
1773241946000,64.14319245,-21.9478275,18.82,18.25
1773241948000,64.14311095,-21.9479495,19.48,25.88
1773241950000,64.1429837833333,-21.9483526666667,43.43,25.04
1773241955000,64.1428518333333,-21.9487025,16.15,23.29
1773241958000,64.1427472833333,-21.9487115,13.96,19.93
1773241960000,64.1426115166667,-21.9485008333333,32.81,19.01
1773241964000,64.14257005,-21.9482126666667,13.24,14.80
1773241968000,64.1425724166667,-21.9481981666667,0.68,4.71
1773241977000,64.1425686666667,-21.9481493333333,0.96,5.93
1773241981000,64.1424816166667,-21.9478126666667,17.08,14.47
1773241987000,64.14216485,-21.9471996666667,27.65,17.09
1773241992000,64.1420757833333,-21.9470321666667,9.22,26.37
1773241994000,64.1418973333333,-21.946693,46.39,18.12
1773241999000,64.1418819666667,-21.9466638333333,1.60,15.67
1773242046000,64.1417635666667,-21.946362,1.51,12.21
1773242048000,64.1416360833333,-21.94608,35.46,18.82
1773242052000,64.1414667,-21.945742,22.47,43.54
1773242056000,64.1408592666667,-21.9445653333333,79.58,43.93
1773242059000,64.1406503666667,-21.9441558333333,36.67,54.46
1773242063000,64.1402243666667,-21.9433335,55.73,46.38
1773242067000,64.1398105166667,-21.9425371666667,54.07,50.35
1773242071000,64.13944545,-21.9417821666667,49.20,46.83
1773242073000,64.1392937833333,-21.9414076666667,44.61,39.83
1773242078000,64.1390162,-21.9407495,31.97,34.03
1773242080000,64.1389044833333,-21.9405056666667,30.87,26.56
1773242083000,64.13879355,-21.9402493333333,21.02,17.27
1773242087000,64.1387739333333,-21.940209,2.64,7.77
1773242137000,64.1387029166667,-21.9400133333333,0.89,7.15
1773242142000,64.1387543333333,-21.9394801666667,19.07,15.92
1773242144000,64.1388648166667,-21.9392428333333,30.30,23.49
1773242147000,64.1390000166667,-21.9389506666667,24.79,32.22
1773242151000,64.1393692166667,-21.9382985,46.64,31.74
1773242154000,64.1395239,-21.9379536666667,28.79,28.67
1773242157000,64.13956785,-21.9377146666667,15.10,20.29
1773242164000,64.13990765,-21.9379341666667,20.19,27.52
1773242166000,64.1401511666667,-21.9381293333333,51.63,29.54
1773242170000,64.1403516,-21.9383043333333,21.46,32.87
1773242173000,64.1405684,-21.9384808333333,30.70,45.94
1773242175000,64.14100735,-21.9388276666667,92.93,51.67
1773242184000,64.1418481333333,-21.9394886666667,39.53,56.39
1773242188000,64.1422788666667,-21.9398306666667,45.62,41.94
1773242192000,64.1427270666667,-21.9401733333333,47.28,49.92
1773242194000,64.1430481333333,-21.9402621666667,64.73,40.10
1773242197000,64.14315365,-21.9401936666667,14.63,26.88
1773242202000,64.1432185833333,-21.9401393333333,5.53,6.67
1773242219000,64.1432561166667,-21.9401521666667,0.89,4.53
1773242222000,64.1433151333333,-21.9401598333333,7.89,8.06
1773242224000,64.1433975,-21.940131,16.68,17.62
1773242229000,64.1437785666667,-21.939962,31.07,26.11
1773242232000,64.1440342833333,-21.9398526666667,34.71,32.37
1773242235000,64.1443011666667,-21.9397193333333,36.45,30.88
1773242237000,64.14443065,-21.9396651666667,26.34,32.62
1773242241000,64.1448272833333,-21.9395165,40.22,28.21
1773242244000,64.14499285,-21.9394423333333,22.51,25.93
1773242249000,64.145226,-21.9393178333333,19.17,14.77
1773242253000,64.1452742166667,-21.9392896666667,4.98,9.63
1773242255000,64.1453049333333,-21.9392751666667,6.28,5.89
1773242258000,64.1453585833333,-21.9392478333333,7.33,18.06
1773242260000,64.14554545,-21.9389948333333,43.43,22.45
1773242265000,64.1457460666667,-21.938647,20.14,27.74
1773242267000,64.14584265,-21.9384835,24.03,22.20
1773242271000,64.14604775,-21.9381195,25.95,20.85
1773242273000,64.1461091,-21.9380046666667,15.85,15.80
1773242278000,64.1461899166667,-21.9378656666667,8.09,8.03
1773242281000,64.1461983166667,-21.937851,1.41,4.41
1773242285000,64.14623645,-21.9377988333333,4.44,9.83
1773242287000,64.14634715,-21.9376616666667,25.18,17.05
1773242290000,64.1464977833333,-21.9374291666667,24.23,16.29
1773242296000,64.1465211333333,-21.9373848333333,2.02,8.39
1773242305000,64.14651605,-21.9373831666667,0.23,0.91
1773242319000,64.1465337666667,-21.9373543333333,0.62,4.04
1773242325000,64.1466812333333,-21.9371236666667,11.91,17.90
1773242327000,64.1468632666667,-21.9368413333333,43.98,27.77
1773242332000,64.1471897,-21.9363225,31.80,30.23
1773242336000,64.14734985,-21.9360608333333,19.68,24.00
1773242338000,64.1474444166667,-21.9358861666667,24.30,18.22
1773242342000,64.1475502166667,-21.9356918333333,13.57,13.04
1773242345000,64.1475696333333,-21.9356561666667,3.32,5.47
1773242352000,64.14756505,-21.9356673333333,0.38,1.36
1773242356000,64.1475624166667,-21.9356791666667,0.58,0.45
1773242362000,64.1475585666667,-21.9356925,0.47,0.40
1773242371000,64.1475536166667,-21.9356886666667,0.23,0.36
1773242376000,64.1475492,-21.9356806666667,0.45,0.26
1773242397000,64.1475525166667,-21.935667,0.13,0.94
1773242399000,64.1475620833333,-21.9356506666667,2.39,1.60
1773242402000,64.1475769,-21.9356235,2.53,8.20
1773242405000,64.1476781333333,-21.9353475,20.98,11.75
1773242407000,64.1476614833333,-21.9351965,13.59,16.01
1773242414000,64.1475051666667,-21.9346648333333,15.99,11.00
1773242416000,64.1474963833333,-21.9346095,5.14,6.87
1773242421000,64.1475032,-21.9346121666667,0.55,2.92
1773242427000,64.1474914333333,-21.9344938333333,3.53,6.96
1773242431000,64.1474399666667,-21.934101,17.90,14.76
1773242433000,64.1473924666667,-21.9338336666667,25.19,19.55
1773242436000,64.1473387,-21.9335381666667,18.63,19.47
1773242441000,64.1472475833333,-21.9330771666667,17.67,16.77
1773242444000,64.14718685,-21.932827,16.66,19.94
1773242446000,64.1471249333333,-21.932531,28.65,22.78
1773242451000,64.1469834833333,-21.931841,26.62,25.68
1773242455000,64.1468719833333,-21.931307,25.84,17.13
1773242466000,64.1468537166667,-21.9312116666667,1.65,16.73
1773242469000,64.1467750333333,-21.9308151666667,25.35,13.80
1773242472000,64.1467154833333,-21.9305653333333,16.57,21.02
1773242476000,64.1466257833333,-21.930044,24.46,19.76
1773242481000,64.1465175,-21.9294848333333,21.36,31.44
1773242483000,64.1463983666667,-21.9289365,53.47,31.52
1773242485000,64.14633795,-21.9286896666667,24.71,28.82
1773242489000,64.14627755,-21.9284298333333,12.85,20.81
1773242493000,64.1461567666667,-21.9278473333333,28.15,20.35
1773242497000,64.14607965,-21.9273445,23.26,30.53
1773242499000,64.1459925666667,-21.926869,45.01,29.11
1773242501000,64.1459354666667,-21.9266316666667,23.66,25.56
1773242507000,64.1458592333333,-21.926256,12.06,13.44
1773242509000,64.1458439166667,-21.9261873333333,6.73,6.37
1773242513000,64.1458365833333,-21.9261621666667,1.32,3.04
1773242522000,64.14582345,-21.926089,1.53,4.47
1773242524000,64.1458007166667,-21.9259711666667,11.25,12.48
1773242526000,64.1457462,-21.9256928333333,26.63,14.83
1773242528000,64.1457230666667,-21.9256048333333,8.97,11.65
1773242531000,64.1457151333333,-21.9255955,1.19,4.39
1773242541000,64.1456711333333,-21.9254096666667,3.69,10.57
1773242544000,64.1455677666667,-21.9249808333333,28.51,16.07
1773242548000,64.1454955166667,-21.9245891666667,18.56,21.98
1773242554000,64.14535895,-21.9238875,22.36,27.62
1773242559000,64.1451275833333,-21.9226716666667,46.31,32.13
1773242561000,64.1450640333333,-21.9223253333333,32.80,29.76
1773242565000,64.1450187666667,-21.922001,14.86,21.36
1773242569000,64.1449438333333,-21.9215815,19.78,17.87
1773242572000,64.1448846666667,-21.9212323333333,21.80,18.98
1773242574000,64.1448496666667,-21.921038,18.35,17.58
1773242581000,64.1447310666667,-21.9204846666667,15.38,14.08
1773242585000,64.1446878666667,-21.9202591666667,10.75,8.67
1773242592000,64.1446816333333,-21.9202105,1.26,6.02
1773242597000,64.1446395666667,-21.9200346666667,7.00,6.58
1773242600000,64.1445822166667,-21.9198645,12.51,7.31
1773242602000,64.14457395,-21.9198281666667,3.58,5.65
1773242605000,64.14456845,-21.9198006666667,1.76,1.94
1773242625000,64.1445519833333,-21.919719,0.79,6.24
1773242627000,64.14451085,-21.9195466666667,17.15,10.14
1773242630000,64.1444567,-21.919339,14.08,19.64
1773242633000,64.1443735833333,-21.9188455,30.78,23.48
1773242640000,64.1441817,-21.9177573333333,29.27,27.09
1773242642000,64.14413315,-21.9174875,25.48,20.63
1773242648000,64.144071,-21.91716,10.39,11.92
1773242650000,64.1440676,-21.9171411666667,1.78,3.98
1773242655000,64.1440638833333,-21.9171336666667,0.40,0.80
1773242661000,64.1440613666667,-21.9171228333333,0.36,4.07
1773242667000,64.1439856166667,-21.9167446666667,12.11,10.30
1773242671000,64.1438856666667,-21.9163465,20.05,14.67
1773242674000,64.1438445666667,-21.916122,14.17,14.90
1773242679000,64.1437050333333,-21.9159415,12.83,13.84
1773242684000,64.1435261333333,-21.9161875,16.70,11.87
1773242690000,64.1434150833333,-21.9162883333333,7.97,9.60
1773242696000,64.1433307333333,-21.9162966666667,5.63,6.38
1773242699000,64.1432854166667,-21.9163401666667,6.56,5.99
1773242704000,64.1432053,-21.9163976666667,6.72,16.08
1773242707000,64.14295635,-21.9166971666667,37.51,16.21
1773242712000,64.1428789,-21.9167878333333,6.96,14.26
1773242732000,64.1428523,-21.9167991666667,0.54,8.80
1773242737000,64.1426114,-21.91698,20.29,19.82
1773242739000,64.1424265333333,-21.9172016666667,41.76,26.82
1773242745000,64.1421219333333,-21.9175446666667,22.64,34.20
1773242747000,64.1419279666667,-21.9177723333333,43.61,28.47
1773242750000,64.1417695333333,-21.917954,23.64,24.66
1773242752000,64.1417226166667,-21.9180106666667,10.61,11.41
1773242754000,64.14171545,-21.9180228333333,1.78,4.16
1773242775000,64.1416826166667,-21.9180691666667,0.73,6.32
1773242849000,64.1388072166667,-21.9214011666667,17.43,6.81
1773242853000,64.1387762,-21.9214286666667,3.33,6.74
1773242868000,64.1387563833333,-21.9214393333333,0.54,6.57
1773242873000,64.1385630333333,-21.9216325,16.89,10.21
1773242876000,64.1384628166667,-21.9217418333333,14.81,17.51
1773242883000,64.1380880666667,-21.9221375,23.59,13.55
1773242888000,64.13803905,-21.9221926666667,4.37,12.39
1773242893000,64.13791315,-21.9223288333333,11.15,11.49
1773242899000,64.1376310333333,-21.9226298333333,20.76,13.51
1773242902000,64.1375585333333,-21.922711,10.77,10.28
1773242907000,64.1375475833333,-21.92272,0.93,3.87
1773242913000,64.1375404333333,-21.922728,0.53,5.07
1773242917000,64.1374100166667,-21.9228756666667,14.56,12.27
1773242922000,64.1371424333333,-21.9231641666667,23.67,26.60
1773242926000,64.1367214,-21.9235738333333,45.77,32.91
1773242930000,64.1363813833333,-21.9237016666667,34.48,36.01
1773242934000,64.1360479166667,-21.9237523333333,33.45,29.39
1773242938000,64.13579945,-21.9237416666667,24.87,34.08
1773242942000,64.1353074166667,-21.9236815,49.31,29.82
1773242948000,64.1350845166667,-21.92414,19.98,36.22
1773242951000,64.13507065,-21.9249141666667,45.10,31.59
1773242955000,64.13521425,-21.9256366666667,34.66,36.08
1773242957000,64.13537065,-21.9257933333333,34.16,32.85
1773242960000,64.1356173,-21.9255928333333,34.92,30.40
1773242963000,64.1357216833333,-21.9251973333333,26.91,34.07
1773242968000,64.1358560833333,-21.9239235,45.77,46.49
1773242970000,64.1359147333333,-21.9230853333333,74.12,53.39
1773242972000,64.1359574,-21.922536,48.72,54.09
1773242975000,64.1360549,-21.9217425,47.99,34.03
1773242978000,64.1360823666667,-21.9215686666667,10.76,18.79
1773242984000,64.1360845166667,-21.9215485,0.60,6.80
1773242987000,64.1361118666667,-21.9213868333333,10.09,6.26
1773242994000,64.1361609833333,-21.9210413333333,9.07,8.35
1773242997000,64.1361745333333,-21.9209216666667,7.20,6.02
1773243002000,64.1361831666667,-21.9208456666667,2.74,5.85
1773243005000,64.13619785,-21.9207031666667,8.52,4.85
1773243007000,64.13620175,-21.9206575,4.06,5.51
1773243011000,64.1362135333333,-21.9205503333333,4.82,5.48
1773243013000,64.1362185166667,-21.9204545,8.43,6.20
1773243016000,64.1362262833333,-21.9203475,6.31,8.13
1773243018000,64.1362303166667,-21.9202225,10.94,11.10
1773243022000,64.13623385,-21.919815,17.79,12.43
1773243026000,64.1362258,-21.9195745,10.53,10.93
1773243031000,64.13621585,-21.9193986666667,6.19,6.34
1773243035000,64.13620955,-21.9193248333333,3.28,8.92
1773243039000,64.13617635,-21.9189035,18.69,16.11
1773243041000,64.1361466833333,-21.9185795,28.91,24.96
1773243044000,64.136092,-21.9180578333333,31.23,29.55
1773243046000,64.13603445,-21.9177015,33.18,28.72
1773243050000,64.1359652,-21.9171208333333,26.28,29.55
1773243057000,64.1358048666667,-21.9158136666667,33.87,25.19
1773243060000,64.1357609166667,-21.9154961666667,19.39,29.47
1773243062000,64.1356974666667,-21.9150641666667,39.80,20.51
1773243067000,64.1356741833333,-21.9149131666667,5.59,14.47
1773243078000,64.1356693333333,-21.9148975,0.30,7.51
1773243082000,64.1356154833333,-21.9145086666667,17.81,14.41
1773243087000,64.1355052166667,-21.9137663333333,27.39,27.59
1773243092000,64.13533605,-21.9126298333333,41.94,31.48
1773243099000,64.1351399166667,-21.9115106666667,30.09,27.01
1773243101000,64.1351104166667,-21.9113745,13.27,14.14
1773243141000,64.1350587333333,-21.9111005,1.30,12.79
1773243143000,64.13500725,-21.9108296666667,25.80,20.27
1773243149000,64.1348196,-21.9096365,36.92,29.68
1773243155000,64.1346699666667,-21.9086271666667,31.03,60.07
1773243157000,64.13446925,-21.907311,121.74,63.74
1773243159000,64.1343904833333,-21.9067855,48.52,64.03
1773243162000,64.13431125,-21.9062676666667,31.94,40.40
1773243164000,64.1342351333333,-21.9057571666667,47.11,39.04
1773243168000,64.13408285,-21.904806,44.24,38.01
1773243172000,64.1339616666667,-21.9042101666667,28.70,31.71
1773243176000,64.1338433,-21.9036496666667,27.19,18.39
1773243178000,64.13383975,-21.903626,2.19,9.68
1773243205000,64.1338248666667,-21.9034465,1.18,7.51
1773243212000,64.1337329333333,-21.9026583333333,20.35,21.80
1773243216000,64.1335528666667,-21.9016568333333,47.29,24.92
1773243220000,64.1335118833333,-21.901422,11.04,24.11
1773243224000,64.13344925,-21.9010406666667,17.79,13.88
1773243228000,64.1333992333333,-21.9007168333333,15.00,14.15
1773243231000,64.1333717666667,-21.9005223333333,11.90,12.29
1773243234000,64.1333426166667,-21.9003288333333,11.92,9.69
1773243239000,64.1333122166667,-21.9001476666667,6.78,7.27
1773243242000,64.1333017333333,-21.9000785,4.26,4.16
1773243244000,64.1332991666667,-21.9000551666667,2.10,2.11
1773243290000,64.1332870333333,-21.8999791666667,0.31,7.48
1773243300000,64.1331164,-21.8988283333333,21.23,8.19
1773243306000,64.1330938,-21.8986885,4.34,8.19
1773243367000,64.13307805,-21.8985878333333,0.31,12.33
1773243370000,64.1329935166667,-21.8980315,34.29,30.37
1773243372000,64.1328965333333,-21.8973656666667,61.30,45.81
1773243374000,64.1328189166667,-21.8968326666667,49.07,51.98
1773243376000,64.1327332666667,-21.896249,53.77,41.47
1773243380000,64.1326370333333,-21.8956441666667,28.11,43.73
1773243382000,64.1325385166667,-21.8950415,56.20,39.77
1773243389000,64.1322633166667,-21.8935118333333,41.28,33.56
1773243391000,64.13224755,-21.8934216666667,8.48,15.90
1773243398000,64.1322458666667,-21.8934038333333,0.46,2.86
1773243437000,64.13225,-21.8934211666667,0.09,0.26
1773243445000,64.132253,-21.8934318333333,0.28,0.49
1773243447000,64.13225465,-21.893419,1.17,3.88
1773243452000,64.1322395166667,-21.8931113333333,10.81,9.45
1773243457000,64.1321697166667,-21.8926256666667,17.86,29.22
1773243462000,64.1319094666667,-21.890905,63.61,47.61
1773243466000,64.1316836166667,-21.8894146666667,68.89,50.57
1773243468000,64.1316389333333,-21.8891206666667,27.19,46.52
1773243471000,64.1315101166667,-21.8882988333333,50.84,35.67
1773243477000,64.1313281666667,-21.8871856666667,34.60,34.67
1773243481000,64.1312450833333,-21.8866691666667,24.04,20.14
1773243485000,64.1312270166667,-21.886563,4.98,9.29
1773243496000,64.1312257,-21.8865435,0.31,1.76
1773243508000,64.1312235166667,-21.8865261666667,0.26,0.51
1773243512000,64.1312199166667,-21.8865038333333,1.04,0.72
1773243516000,64.1312165666667,-21.886483,0.97,2.17
1773243525000,64.1311790333333,-21.886248,4.86,12.30
1773243527000,64.1311227,-21.8858925,33.03,16.56
1773243531000,64.1310734833333,-21.885582,14.42,25.81
1773243533000,64.1310168833333,-21.8852141666667,34.06,31.20
1773243537000,64.1308552833333,-21.8841296666667,50.04,38.60
1773243540000,64.1307625833333,-21.8835161666667,37.80,38.15
1773243542000,64.1307072833333,-21.8831646666667,32.63,32.74
1773243545000,64.13062285,-21.8826325,32.97,23.37
1773243551000,64.1305804166667,-21.8823685,8.19,20.50
1773243554000,64.13051505,-21.8819925,23.56,11.97
1773243556000,64.1305031666667,-21.8819288333333,6.05,9.80
1773243560000,64.1304965166667,-21.8819026666667,1.32,2.44
1773243567000,64.1304942666667,-21.8818908333333,0.32,1.02
1773243577000,64.1304801666667,-21.8818075,1.56,6.66
1773243583000,64.13037715,-21.881193,19.16,10.78
1773243588000,64.1303160333333,-21.8808385,13.32,18.01
1773243592000,64.1302260833333,-21.8803191666667,24.40,20.28
1773243595000,64.1301526166667,-21.8798996666667,26.32,18.03
1773243599000,64.13012985,-21.8797671666667,6.22,13.67
1773243601000,64.1301100166667,-21.8796541666667,10.64,10.24
1773243605000,64.1300535833333,-21.8793241666667,15.48,11.76
1773243610000,64.1300028166667,-21.8790313333333,11.01,12.58
1773243615000,64.1299433666667,-21.8786773333333,13.25,13.43
1773243619000,64.1298773,-21.8782905,18.14,12.22
1773243622000,64.1298575833333,-21.8781751666667,7.21,10.28
1773243624000,64.1298435166667,-21.8781003333333,7.12,5.13
1773243628000,64.1298359166667,-21.878061,1.88,2.95
1773243636000,64.1298335666667,-21.8780475,0.32,6.12
1773243641000,64.1297558,-21.8775906666667,17.13,13.09
1773243647000,64.1296274166667,-21.8768246666667,23.89,32.62
1773243649000,64.1295157333333,-21.8761625,62.00,34.27
1773243653000,64.1294347333333,-21.875686,22.33,48.86
1773243655000,64.12931375,-21.8749343333333,69.97,50.33
1773243658000,64.1291344,-21.8738663333333,66.63,60.17
1773243661000,64.1290036666667,-21.8729993333333,53.41,57.70
1773243666000,64.1287329166667,-21.8713313333333,62.17,43.75
1773243672000,64.1285860666667,-21.8706326666667,22.58,29.02
1773243676000,64.1285636333333,-21.8704836666667,6.88,9.69
1773243678000,64.1285684333333,-21.8704906666667,1.14,2.73
1773243694000,64.1285668666667,-21.8704361666667,0.60,7.39
1773243698000,64.1285195,-21.8699538333333,21.59,20.40
1773243704000,64.1282872666667,-21.8686045,42.23,49.48
1773243707000,64.1280356833333,-21.8671255,92.43,54.35
1773243713000,64.1278336,-21.8659428333333,36.98,57.32
1773243717000,64.1276497833333,-21.8648388333333,51.60,42.99
1773243719000,64.1275641666667,-21.8643356666667,47.17,44.42
1773243726000,64.1272893333333,-21.8627961666667,41.51,43.06
1773243730000,64.1270950833333,-21.8618086666667,47.30,39.96
1773243734000,64.1269628833333,-21.8610085,37.36,51.16
1773243736000,64.12682695,-21.8601851666667,76.89,50.53
1773243742000,64.1265876333333,-21.8587283333333,45.32,50.33
1773243747000,64.1264158833333,-21.8577538333333,36.72,28.64
1773243750000,64.1263896166667,-21.8576228333333,8.39,14.47
1773243765000,64.1263809333333,-21.8575776666667,0.57,8.37
1773243767000,64.1263513333333,-21.8573896666667,17.46,15.39
1773243770000,64.1262715333333,-21.8568973333333,30.58,33.66
1773243776000,64.1259769166667,-21.8550131666667,58.27,49.60
1773243787000,64.1253066,-21.8510313333333,67.78,63.57
1773243793000,64.1249310833333,-21.8486143333333,74.70,69.56
1773243795000,64.1248037,-21.8477803333333,77.18,72.88
1773243799000,64.1245779166667,-21.8460648333333,78.26,82.17
1773243802000,64.1243816666667,-21.8443355,104.05,78.19
1773243810000,64.1241183833333,-21.8414386666667,64.62,74.99
1773243812000,64.1240615666667,-21.8406695,68.14,66.98
1773243817000,64.12392585,-21.8384371666667,78.75,60.16
1773243820000,64.1238880666667,-21.8377025,43.08,58.75
1773243822000,64.12385755,-21.8369768333333,63.68,53.78
1773243824000,64.1238311666667,-21.8362571666667,63.09,59.78
1773243828000,64.1237929833333,-21.8348403333333,62.00,65.39
1773243831000,64.1237759333333,-21.833443,81.40,64.56
1773243833000,64.1237748166667,-21.8327508333333,60.46,60.18
1773243838000,64.1237760666667,-21.8313723333333,48.17,50.87
1773243845000,64.1237981,-21.8292888333333,52.01,51.34
1773243847000,64.1238079166667,-21.82858,61.95,56.03
1773243862000,64.1238587,-21.8231733333333,62.99,49.55
1773243867000,64.1238268666667,-21.8222733333333,31.55,34.94
1773243870000,64.1238270166667,-21.8220018333333,15.81,22.74
1773243872000,64.1238321666667,-21.8217221666667,24.45,18.03
1773243877000,64.12383805,-21.8212453333333,16.67,13.13
1773243884000,64.1238362,-21.8212588333333,0.35,5.67
1773243900000,64.1238430166667,-21.8211783333333,0.90,4.31
1773243903000,64.1238595666667,-21.8209693333333,12.37,17.20
1773243908000,64.1239100333333,-21.8198001666667,41.05,32.35
1773243912000,64.1239268833333,-21.8186851666667,48.73,44.06
1773243919000,64.1239323,-21.816707,49.37,50.12
1773243927000,64.12385875,-21.8139565,60.18,49.05
1773243929000,64.1238445166667,-21.8134383333333,45.35,51.27
1773243931000,64.1238527,-21.8127933333333,56.37,33.97
1773243935000,64.1238708166667,-21.812673,5.56,20.17
1773243937000,64.1238775666667,-21.81266,1.76,2.46
1773243941000,64.1238802166667,-21.8126683333333,0.45,1.24
1773243972000,64.1239449666667,-21.8124035,1.71,9.58
1773243979000,64.1243201,-21.8116768333333,28.09,20.74
1773243981000,64.1244975166667,-21.8116371666667,35.68,34.41
1773243989000,64.1253924,-21.8117786666667,44.88,40.39
1773243993000,64.1258613666667,-21.8118285,46.98,40.72
1773243998000,64.1263196833333,-21.8118786666667,36.73,39.16
1773244002000,64.1267185333333,-21.8119103333333,39.94,37.73
1773244006000,64.1271427333333,-21.811935,42.47,28.26
1773244012000,64.1272450166667,-21.8119356666667,6.82,15.73
1773244024000,64.1272564166667,-21.8119371666667,0.38,17.54
1773244026000,64.12749695,-21.8119585,48.18,24.36
1773244029000,64.1277093833333,-21.8119746666667,28.36,40.71
1773244032000,64.1280989333333,-21.8120033333333,52.01,39.95
1773244037000,64.1286707166667,-21.8120436666667,45.80,54.55
1773244042000,64.1295969,-21.8122338333333,74.45,58.46
1773244044000,64.1299079333333,-21.8124211666667,64.37,68.31
1773244049000,64.1307881,-21.8133036666667,76.91,55.37
1773244053000,64.1310953166667,-21.8136125,33.57,56.63
1773244055000,64.131417,-21.8138753333333,68.35,60.99
1773244058000,64.1320875666667,-21.814128,90.68,69.37
1773244062000,64.1326868166667,-21.8140668333333,60.03,57.45
1773244069000,64.1332119666667,-21.813811,30.70,32.45
1773244073000,64.1333261666667,-21.8137483333333,11.75,13.62
1773244077000,64.1333206333333,-21.8137488333333,0.55,4.09
1773244090000,64.1333403166667,-21.813752,0.61,3.54
1773244093000,64.13341515,-21.8137646666667,10.01,7.20
1773244097000,64.1335346166667,-21.8137205,12.11,22.92
1773244099000,64.13377735,-21.8135733333333,50.25,33.53
1773244103000,64.134194,-21.8132888333333,43.51,45.46
1773244105000,64.1344286666667,-21.8130998333333,49.78,50.24
1773244110000,64.1351709833333,-21.812321,65.36,48.10
1773244113000,64.1354107333333,-21.8120098333333,36.76,66.89
1773244115000,64.1358704666667,-21.811338,109.12,59.84
1773244120000,64.1362961,-21.8105828333333,43.09,60.70
1773244125000,64.13665655,-21.8098115,39.48,39.63
1773244129000,64.1369499166667,-21.8091053333333,42.57,33.56
1773244133000,64.1369079166667,-21.8085658333333,23.92,30.83
1773244135000,64.1368147333333,-21.8082841666667,30.86,32.95
1773244138000,64.1366257833333,-21.8075573333333,49.25,31.75
1773244144000,64.13649475,-21.8069336666667,20.15,27.06
1773244146000,64.13646275,-21.806765,16.06,12.50
1773244149000,64.13645195,-21.8067145,3.27,6.28
1773244164000,64.13644815,-21.8066736666667,0.49,10.69
1773244169000,64.1363239666667,-21.8058635,29.99,19.55
1773244173000,64.1362147333333,-21.8051925,31.27,42.49
1773244175000,64.1360948666667,-21.804404,72.91,48.54
1773244179000,64.1359306833333,-21.8033438333333,49.11,53.20
1773244181000,64.1358501833333,-21.8028506666667,45.98,40.74
1773244186000,64.1356762833333,-21.801976,33.57,29.50
1773244190000,64.1356134,-21.8016991666667,13.63,16.03
1773244205000,64.1355564333333,-21.8014366666667,3.41,14.15
1773244207000,64.1354934833333,-21.8011548333333,27.65,15.27
1773244211000,64.1354111666667,-21.8008101666667,17.15,29.51
1773244214000,64.1352392833333,-21.8000783333333,48.38,27.94
1773244218000,64.1351316166667,-21.7996211666667,22.68,34.81
1773244220000,64.1350432666667,-21.799225,38.85,27.25
1773244225000,64.1349007333333,-21.798604,24.51,28.50
1773244230000,64.1347407833333,-21.7979353333333,26.63,17.63
1773244240000,64.1346753166667,-21.7977236666667,4.53,9.99
1773244245000,64.13467735,-21.7977335,0.38,3.83
1773244251000,64.1346315,-21.7975096666667,7.20,11.66
1773244255000,64.1344987333333,-21.7969128333333,29.25,19.44
1773244258000,64.13442925,-21.7965151666667,24.94,34.49
1773244264000,64.1345031166667,-21.7946423333333,54.73,36.42
1773244270000,64.1348531833333,-21.7937303333333,35.36,38.26
1773244275000,64.13520135,-21.793359,30.74,27.14
1773244280000,64.13544385,-21.7932833333333,19.59,19.60
1773244286000,64.1356133,-21.793202,11.55,12.26
1773244300000,64.13587495,-21.7931053333333,7.58,10.79
1773244305000,64.1360584666667,-21.7930293333333,14.93,20.27
1773244312000,64.1367543,-21.7925566666667,41.50,31.98
1773244325000,64.1379335333333,-21.7906323333333,44.57,33.72
1773244330000,64.1381342166667,-21.7902716666667,20.42,33.79
1773244335000,64.1385961666667,-21.7897185,41.73,32.22
1773244337000,64.1387839166667,-21.7895751666667,39.61,31.32
1773244341000,64.1389546166667,-21.7894815,17.57,27.54
1773244345000,64.1392486166667,-21.7893721666667,29.81,15.76
1773244360000,64.1393382333333,-21.7893535,2.40,16.55
1773244365000,64.1395879333333,-21.7893035,20.07,14.48
1773244371000,64.1398965333333,-21.7889326666667,23.25,17.57
1773244377000,64.1399851166667,-21.7892983333333,12.17,23.64
1773244382000,64.1399689833333,-21.7904208333333,39.22,32.10
1773244385000,64.1400553166667,-21.7912563333333,49.97,56.20
1773244387000,64.1401530166667,-21.7922425,88.29,62.44
1773244393000,64.1403605,-21.7942111666667,58.94,68.45
1773244396000,64.1404646833333,-21.7953713333333,68.94,49.64
1773244399000,64.1405117666667,-21.7958558333333,28.89,38.42
1773244405000,64.1408037333333,-21.7963085,23.51,22.11
1773244408000,64.1408800166667,-21.7960656666667,17.42,22.30
1773244412000,64.1408597833333,-21.7953918333333,29.48,37.56
1773244414000,64.14082025,-21.7945755,71.70,34.95
1773244443000,64.1410814666667,-21.7931723333333,9.19,41.21
1773244447000,64.14157135,-21.7930616666667,49.26,24.72
1773244450000,64.1417139666667,-21.7929788333333,19.63,27.79
1773244453000,64.1418371166667,-21.7928201666667,18.85,20.55
1773244455000,64.1419393833333,-21.792629,26.41,27.17
1773244459000,64.1423352166667,-21.7924306666667,40.55,23.59
1773244466000,64.14246695,-21.792413,7.55,15.45
1773244470000,64.1424600333333,-21.792413,0.69,2.72
1773244480000,64.1424691666667,-21.7924118333333,0.37,7.03
1773244486000,64.1427849,-21.7923561666667,21.13,11.85
1773244494000,64.14310225,-21.7922911666667,15.94,20.56
1773244496000,64.1432413333333,-21.7922968333333,27.84,23.01
1773244500000,64.1435234166667,-21.7924376666667,28.89,31.38
1773244504000,64.1439240166667,-21.7921241666667,42.36,30.42
1773244506000,64.1440458666667,-21.792072,24.81,26.60
1773244511000,64.1442553,-21.7920331666667,16.82,19.99
1773244516000,64.1444841333333,-21.7917108333333,21.50,15.05
1773244521000,64.1445571833333,-21.7915071666667,9.21,13.36
1773244523000,64.1445969166667,-21.7914121666667,11.49,6.95
1773244528000,64.1446064333333,-21.7913836666667,1.25,4.29
1773244543000,64.14462795,-21.7913355,0.80,6.85
1773244548000,64.1447936,-21.7909225,19.59,18.09
1773244553000,64.1451161166667,-21.7901745,36.73,25.18
1773244558000,64.14526845,-21.789609,23.21,28.27
1773244560000,64.1453398333333,-21.7893155,29.33,30.83
1773244563000,64.1455701833333,-21.7887551666667,44.81,31.31
1773244568000,64.1457867333333,-21.7882505,24.72,33.28
1773244573000,64.1461069,-21.787544,35.57,20.34
1773244576000,64.1461353,-21.787525,3.95,12.82
1773244578000,64.1461307333333,-21.7875285,0.96,2.66
1773244590000,64.1462343,-21.7874886666667,3.50,6.65
1773244593000,64.1463549833333,-21.787424,16.54,18.99
1773244606000,64.1472777166667,-21.7853336666667,39.94,23.42
1773244609000,64.14727615,-21.785033,17.50,22.92
1773244615000,64.1474706,-21.784778,14.94,21.64
1773244621000,64.1478478666667,-21.7856575,35.89,29.99
1773244623000,64.14804565,-21.7858738333333,43.86,37.83
1773244628000,64.1484914333333,-21.7863721666667,39.70,43.48
1773244635000,64.1492859166667,-21.7875235,53.74,31.15
1773244638000,64.1493136,-21.7875795,4.93,18.95
1773244642000,64.1493025833333,-21.7875706666667,1.17,2.98
1773244653000,64.1493778333333,-21.7876876666667,3.31,5.46
1773244655000,64.1494369833333,-21.787742,12.75,10.81
1773244659000,64.1496110666667,-21.7878533333333,18.09,14.48
1773244662000,64.1497198833333,-21.7879096666667,14.89,14.30
1773244675000,64.1500650333333,-21.7874645,12.19,20.29
1773244683000,64.1498769666667,-21.7858245,37.00,23.77
1773244685000,64.1498442166667,-21.7855378333333,25.86,23.26
1773244719000,64.1506815,-21.7847783333333,10.60,20.67
1773244745000,64.15054265,-21.7804993333333,28.80,12.67
1773244750000,64.1505457,-21.780515,0.60,11.93
1773244755000,64.1504711666667,-21.7803505,8.28,10.17
1773244760000,64.1503132666667,-21.7797915,23.25,24.46
1773244770000,64.1506151333333,-21.7772648333333,45.72,32.96
1773244775000,64.15087025,-21.7764466666667,35.11,43.51
1773244780000,64.1512678,-21.7751068333333,56.57,35.12
1773244784000,64.1512988666667,-21.774672,19.23,41.51
1773244790000,64.1512892833333,-21.7727711666667,55.30,30.96
1773244796000,64.1512423666667,-21.7719796666667,23.24,32.67
1773244798000,64.15114875,-21.7717963333333,24.64,22.91
1773244800000,64.1510285333333,-21.771745,24.47,29.74
1773244803000,64.1506927833333,-21.7717336666667,44.81,32.41
1773244810000,64.1501145,-21.7717656666667,33.08,41.51
1773244813000,64.1497159166667,-21.771793,53.21,50.98
1773244816000,64.149157,-21.7718665,74.70,58.30
1773244818000,64.1488778333333,-21.7719336666667,56.18,58.66
1773244820000,64.1486084666667,-21.772014,54.37,48.50
1773244825000,64.1480847,-21.7722281666667,42.59,42.16
1773244828000,64.1478208166667,-21.7723696666667,36.16,42.81
1773244835000,64.1468749333333,-21.773016,56.44,54.14
1773244837000,64.14650475,-21.773308,78.35,53.17
1773244843000,64.1460762666667,-21.7738823333333,33.11,39.64
1773244846000,64.1459746333333,-21.7739161666667,13.70,20.34
1773244848000,64.1458891333333,-21.7738786666667,17.42,17.12
1773244855000,64.1455056,-21.7741463333333,22.93,23.80
1773244860000,64.1450928166667,-21.7744591666667,34.81,18.78
1773244863000,64.1450818,-21.7744693333333,1.58,15.30
1773244865000,64.1450271333333,-21.7745236666667,11.93,9.61
1773244870000,64.1448780833333,-21.7748645,16.85,18.24
1773244872000,64.1447347666667,-21.7748311666667,28.83,19.58
1773244878000,64.1447297166667,-21.7742758333333,16.16,21.54
1773244883000,64.14501715,-21.7742731666667,23.01,18.79
1773244888000,64.1452667,-21.774193,20.17,26.39
1773244892000,64.1456463166667,-21.773895,40.15,19.75
1773244897000,64.1456716166667,-21.7738926666667,2.03,14.19
1773244937000,64.1459295333333,-21.7737665,2.64,5.34
1773244943000,64.14606115,-21.7734751666667,12.20,9.72
1773244947000,64.1462189333333,-21.7735065,15.85,16.89
1773244952000,64.1465221666667,-21.773303,25.30,32.02
1773244957000,64.14723155,-21.7727518333333,59.96,45.66
1773244961000,64.1477990333333,-21.7723923333333,58.92,52.23
1773244968000,64.1485877666667,-21.7720185,46.06,62.77
1773244973000,64.1497471666667,-21.7717663333333,93.24,60.50
1773244983000,64.1510394666667,-21.7716516666667,51.77,51.01
1773244992000,64.1513923,-21.7714728333333,16.07,28.23
1773244999000,64.1513309333333,-21.772316,21.31,17.68
1773245003000,64.1513241333333,-21.7727381666667,18.43,29.14
1773245007000,64.1513301,-21.7739365,52.29,33.71
1773245012000,64.1513179,-21.77496,35.74,43.05
1773245017000,64.15103025,-21.7761638333333,47.92,40.10
1773245023000,64.1506514333333,-21.7773585,42.97,39.86
1773245028000,64.1504348333333,-21.7782293333333,35.00,37.28
1773245034000,64.1502933666667,-21.7795575,39.77,31.77
1773245037000,64.1503535166667,-21.7799746666667,25.56,43.60
1773245039000,64.1505905833333,-21.7806006666667,72.36,36.38
1773245042000,64.1506946166667,-21.7807681666667,16.96,33.56
1773245046000,64.1508282333333,-21.7809958333333,16.66,30.09
1773245048000,64.15105405,-21.7814723333333,61.42,42.45
1773245052000,64.1513289333333,-21.7825898333333,55.98,51.38
1773245054000,64.1513785333333,-21.7830911666667,44.86,49.41
1773245057000,64.15137405,-21.7840395,55.17,36.99
1773245061000,64.1513255666667,-21.7844075,16.77,32.26
1773245063000,64.1512228833333,-21.7846566666667,29.92,24.11
1773245065000,64.1510796333333,-21.7847341666667,29.46,26.53
1773245070000,64.15077475,-21.7847475,24.41,35.22
1773245072000,64.15049265,-21.784863,57.36,33.83
1773245074000,64.15036835,-21.7848978333333,25.06,28.40
1773245080000,64.1502632333333,-21.784962,7.26,12.89
1773245093000,64.14999875,-21.7851151666667,8.40,7.55
1773245099000,64.1498913833333,-21.7852516666667,8.19,16.31
1773245104000,64.14992125,-21.7862493333333,34.91,24.01
1773245108000,64.1500031166667,-21.7869753333333,32.72,27.40
1773245117000,64.1501636833333,-21.787878,18.91,20.76
1773245119000,64.15011485,-21.7879915,13.92,16.25
1773245124000,64.1498853833333,-21.7880561666667,18.51,11.22
1773245129000,64.149848,-21.7880655,3.01,6.96
1773245169000,64.1498008666667,-21.7880776666667,0.47,6.71
1773245173000,64.14964855,-21.7882833333333,17.69,10.74
1773245180000,64.1493877833333,-21.7880805,15.75,20.12
1773245185000,64.1491714666667,-21.7873748333333,30.11,25.80
1773245190000,64.1488179,-21.7867553333333,35.62,40.82
1773245195000,64.1481113833333,-21.7859493333333,63.18,41.46
1773245198000,64.1478939833333,-21.7857125,32.12,42.64
1773245201000,64.14762995,-21.785411,39.36,29.30
1773245207000,64.1473179666667,-21.785302,21.05,38.32
1773245211000,64.1468965166667,-21.786299,60.60,33.10
1773245214000,64.1467783833333,-21.7865841666667,22.89,38.19
1773245216000,64.1466506,-21.7868921666667,37.10,28.28
1773245221000,64.1463844,-21.7874683333333,29.31,30.17
1773245226000,64.1460404166667,-21.7877165,28.87,30.49
1773245231000,64.1456898,-21.7884545,38.10,25.51
1773245234000,64.14561465,-21.788612,13.58,26.04
1773245240000,64.1453067166667,-21.7893883333333,30.53,24.92
1773245242000,64.1452236333333,-21.7897356666667,34.58,31.07
1773245246000,64.1450410833333,-21.7903655,33.00,30.60
1773245250000,64.1448381166667,-21.7908418333333,29.06,24.39
1773245254000,64.14472935,-21.7910765,14.95,21.58
1773245260000,64.1444702333333,-21.7916555,24.14,12.75
1773245269000,64.1444477333333,-21.7916883333333,1.19,10.17
1773245273000,64.1443994,-21.791798,6.80,10.72
1773245275000,64.1443022833333,-21.7919935,25.87,17.58
1773245277000,64.1441956666667,-21.7920866666667,22.84,20.54
1773245280000,64.1440757,-21.7921233333333,16.15,20.24
1773245284000,64.1438283166667,-21.7921921666667,24.94,20.23
1773245292000,64.1433842166667,-21.7924246666667,22.79,28.19
1773245295000,64.1430775166667,-21.7923295,41.30,29.56
1773245297000,64.1429326833333,-21.7923743333333,29.25,33.53
1773245299000,64.1427567666667,-21.7924085,35.34,23.63
1773245305000,64.1426071833333,-21.7924445,10.03,35.63
1773245307000,64.1422734666667,-21.7925221666667,67.14,33.17
1773245314000,64.1418167833333,-21.7928785,27.59,50.46
1773245317000,64.1413516333333,-21.7931878333333,64.62,36.60
1773245327000,64.1408,-21.7936265,23.37,40.16
1773245330000,64.1407919666667,-21.7942931666667,38.81,33.08
1773245332000,64.1408151833333,-21.7947743333333,42.26,37.06
1773245335000,64.1408607666667,-21.7953835,35.97,33.00
1773245339000,64.1408953333333,-21.7959731666667,25.97,27.76
1773245341000,64.1408742,-21.7962636666667,25.71,23.20
1773245343000,64.1407988666667,-21.7964405,21.58,23.68
1773245347000,64.1405625666667,-21.7967621666667,27.50,23.15
1773245350000,64.1404481333333,-21.7964435,24.02,20.40
1773245354000,64.1404641,-21.7961501666667,12.90,27.45
1773245357000,64.1404321666667,-21.7952981666667,49.77,34.97
1773245360000,64.14035905,-21.7944948333333,47.76,47.52
1773245362000,64.1403043333333,-21.7939061666667,52.54,49.31
1773245365000,64.140218,-21.7929746666667,55.42,45.99
1773245368000,64.1401555833333,-21.7923506666667,37.26,52.88
1773245371000,64.1400381333333,-21.7911026666667,74.31,46.21
1773245374000,64.1399843833333,-21.790525,34.38,48.10
1773245376000,64.1399423166667,-21.7900396666667,43.20,35.44
1773245380000,64.13977455,-21.7893535,34.34,27.80
1773245385000,64.1396495666667,-21.7892906666667,10.24,14.44
1773245391000,64.1396345833333,-21.7892943333333,1.01,4.68
1773245395000,64.1395999833333,-21.7892798333333,3.52,2.16
1773245417000,64.1394745666667,-21.7893048333333,2.29,11.29
1773245422000,64.1391087333333,-21.7894688333333,29.84,10.35
1773245426000,64.1391043333333,-21.7894768333333,0.56,10.88
1773245433000,64.1390353666667,-21.7894896666667,3.96,20.35
1773245435000,64.1387445333333,-21.7896441666667,59.75,31.01
1773245441000,64.1382731833333,-21.7901078333333,34.22,41.29
1773245443000,64.1381219666667,-21.79034,36.43,26.97
1773245447000,64.1380086166667,-21.790548,14.53,35.41
1773245450000,64.1376566166667,-21.7912128333333,60.86,38.25
1773245452000,64.1374839166667,-21.7915501666667,45.41,39.50
1773245457000,64.1373039666667,-21.7918815,18.48,41.01
1773245461000,64.13673865,-21.7926426666667,65.61,38.39
1773245466000,64.1362981333333,-21.7929751666667,37.13,37.75
1773245471000,64.1360968,-21.7930713333333,16.47,45.97
1773245474000,64.1354218333333,-21.7933565,91.58,39.70
1773245478000,64.1352530333333,-21.7934448333333,17.33,38.93
1773245481000,64.13515075,-21.7935008333333,14.03,20.12
1773245484000,64.1349241666667,-21.7936893333333,32.16,29.87
1773245487000,64.1346439333333,-21.7942101666667,48.14,33.75
1773245490000,64.1345299666667,-21.794578,26.26,35.34